,match_id,inning,over,ball,is_super_over,wide_runs,bye_runs,legbye_runs,noball_runs,penalty_runs,batsman_runs,extra_runs,total_runs
count,164750.0,164750.0,164750.0,164750.0,164750.0,164750.0,164750.0,164750.0,164750.0,164750.0,164750.0,164750.0,164750.0
mean,977.9517572078908,1.4823065250379364,10.151878603945372,3.6162427921092566,0.0004916540212443096,0.03718361153262519,0.004898330804248862,0.021547799696509863,0.004200303490136571,6.069802731411229e-05,1.237238239757208,0.0678907435508346,1.3051289833080424
std,2147.6718426081948,0.5015918521364977,5.675665868032986,1.8073977151158138,0.022167888495784053,0.25408681149276696,0.11500637373659912,0.19641002431351318,0.07111078137304068,0.01742091543042788,1.603511160031874,0.34514417086507515,1.596254557794281
min,1.0,1.0,1.0,1.0,0.0,0.0,0.0,0.0,0.0,0.0,0.0,0.0,0.0
25%,175.0,1.0,5.0,2.0,0.0,0.0,0.0,0.0,0.0,0.0,0.0,0.0,0.0
50%,349.0,1.0,10.0,4.0,0.0,0.0,0.0,0.0,0.0,0.0,1.0,0.0,1.0
75%,521.0,2.0,15.0,5.0,0.0,0.0,0.0,0.0,0.0,0.0,1.0,0.0,1.0
max,7953.0,4.0,20.0,9.0,1.0,5.0,4.0,5.0,5.0,5.0,7.0,7.0,10.0
